name,acc,f1_mi,f1_ma,f1_we,recall_mi,recall_ma,recall_we,precision_mi,precision_ma,precision_we
RF,0.9465881011214597,0.9465881011214597,0.3123132167235964,0.9367214753346027,0.9465881011214597,0.2930530809082538,0.9465881011214597,0.9465881011214597,0.35026745914887314,0.9363931593572624
CART,0.982206851150435,0.982206851150435,0.40141846652709007,0.976867589701638,0.982206851150435,0.37145816461098874,0.982206851150435,0.982206851150435,0.5649154220323831,0.9747664827779271
NB,0.7823978562918114,0.7823978562918114,0.5034931857091386,0.8413174854255229,0.7823978562918114,0.8907669264470603,0.7823978562918114,0.7823978562918114,0.47729111019756215,0.934752280643054
LDA,0.9461600394373075,0.9461600394373075,0.4774904168787731,0.9534724135036096,0.9461600394373075,0.6992959019101015,0.9461600394373075,0.9461600394373075,0.43776832284004435,0.9623195938249214
QDA,0.9751863304605295,0.9751863304605295,0.6769696961143599,0.9790430977253864,0.9751863304605295,0.7799391263337571,0.9751863304605295,0.9751863304605295,0.6588524818105571,0.9843347368944438
LR,0.9895395323464734,0.9895395323464734,0.6805560232917695,0.9890822841622595,0.9895395323464734,0.657406808696505,0.9895395323464734,0.9895395323464734,0.7211126204333441,0.9891556060069691
ABoost,0.8121489160149157,0.8121489160149157,0.1117345025575667,0.7443110092086688,0.8121489160149157,0.1192177770373053,0.8121489160149157,0.8121489160149157,0.15579153889359723,0.729296761751992
KNN,0.99923041617795,0.99923041617795,0.9173794377629566,0.9992258175685181,0.99923041617795,0.916500529415934,0.99923041617795,0.99923041617795,0.9183623246554029,0.9992219835337696
MLP,0.9976804310905683,0.9976804310905683,0.8666751045467048,0.9975673591770996,0.9976804310905683,0.8471838480090407,0.9976804310905683,0.9976804310905683,0.8962441928822447,0.997653526980493
