name,acc,f1_mi,f1_ma,f1_we,recall_mi,recall_ma,recall_we,precision_mi,precision_ma,precision_we
RF,0.9508069040013722,0.9508069040013722,0.7071597766217183,0.9454522736895746,0.9508069040013722,0.6885748447264085,0.9508069040013722,0.9508069040013722,0.7327855149685853,0.9460835041489494
CART,0.9699414158178837,0.9699414158178837,0.7277950770638105,0.966553827555596,0.9699414158178837,0.7318848050372642,0.9699414158178837,0.9699414158178837,0.7241104032892208,0.9634340393580884
NB,0.6036210618711395,0.6036210618711395,0.6012033846108282,0.7239876828387469,0.6036210618711395,0.7842011546215276,0.6036210618711395,0.6036210618711395,0.6868951959184328,0.9424226405123458
LDA,0.9656777978158037,0.9656777978158037,0.8507472141117273,0.9662561145694356,0.9656777978158037,0.8704590636146504,0.9656777978158037,0.9656777978158037,0.836864037748056,0.9670159729496945
QDA,0.9427525448035321,0.9427525448035321,0.7932956898950951,0.9561535386308766,0.9427525448035321,0.9742502326713984,0.9427525448035321,0.9427525448035321,0.764866340904866,0.9761653750435413
LR,0.9835157617875362,0.9835157617875362,0.8937178202267206,0.9829833467377349,0.9835157617875362,0.8617987407237466,0.9835157617875362,0.9835157617875362,0.950568335594822,0.9832186680247835
ABoost,0.8526092445870287,0.8526092445870287,0.4212193405081128,0.8112148426278598,0.8526092445870287,0.4086154068728473,0.8526092445870287,0.8526092445870287,0.4570416621112676,0.794444618071251
KNN,0.9992736859510774,0.9992736859510774,0.9962821135099539,0.9992736912801907,0.9992736859510774,0.9961439090310191,0.9992736859510774,0.9992736859510774,0.9964209490221392,0.9992738561032282
MLP,0.9974532647816499,0.9974532647816499,0.9787323207933447,0.9974262492023387,0.9974532647816499,0.9681110822640382,0.9974532647816499,0.9974532647816499,0.9906208931695665,0.9974376965095642
