name,acc,f1_mi,f1_ma,f1_we,recall_mi,recall_ma,recall_we,precision_mi,precision_ma,precision_we
RF,0.9707990845352286,0.9707990845352286,0.9607043462713616,0.9703237425558238,0.9707990845352286,0.9468811910272082,0.9707990845352286,0.9707990845352286,0.9769821587948793,0.9713551966346159
CART,0.9612225565327313,0.9612225565327313,0.9504394823883832,0.9616047011925579,0.9612225565327313,0.9598379425409532,0.9612225565327313,0.9612225565327313,0.9420557354817002,0.962630988023668
NB,0.7739617958810266,0.7739617958810266,0.7563268743151864,0.7879874355499022,0.7739617958810266,0.8399698145967354,0.7739617958810266,0.7739617958810266,0.7614581898477408,0.8711396156195855
LDA,0.9625731915939194,0.9625731915939194,0.9509122664180607,0.9624675609756216,0.9625731915939194,0.948405421716106,0.9625731915939194,0.9625731915939194,0.9534964724620768,0.9624102247120576
QDA,0.9650256605208135,0.9650256605208135,0.9558009082775571,0.9655533205803937,0.9650256605208135,0.9708461053814043,0.9650256605208135,0.9650256605208135,0.9432405173744418,0.9676691072470998
LR,0.9743703861672717,0.9743703861672717,0.966604276060192,0.9743824066226472,0.9743703861672717,0.9670430705360866,0.9743703861672717,0.9743703861672717,0.9661677060680555,0.9743958178954358
ABoost,0.9899598672854244,0.9899598672854244,0.9868852651559097,0.9899521837239939,0.9899598672854244,0.9861430752760174,0.9899598672854244,0.9899598672854244,0.9876335110586395,0.989948268943953
KNN,0.9992953208376409,0.9992953208376409,0.9990811563710337,0.9992954072133537,0.9992953208376409,0.9992035850511964,0.9992953208376409,0.9992953208376409,0.9989588864599119,0.9992955923251066
MLP,0.998335659083639,0.998335659083639,0.9978278274396233,0.9983350926369339,0.998335659083639,0.9974895719710043,0.998335659083639,0.998335659083639,0.9981673018328407,0.9983352839232608
