name,acc,f1_mi,f1_ma,f1_we,recall_mi,recall_ma,recall_we,precision_mi,precision_ma,precision_we
RF,0.8747745643997114,0.8747745643997114,0.4741527005681852,0.8173066233947383,0.8747745643997114,0.5038162585018626,0.8747745643997114,0.8747745643997114,0.9325883348983364,0.8892801845519689
CART,0.9875880138843263,0.9875880138843263,0.9727214718805359,0.9877773908314246,0.9875880138843263,0.9877987206925407,0.9875880138843263,0.9875880138843263,0.9589042991111454,0.9883282160029505
NB,0.8888185261558068,0.8888185261558068,0.5763495856185745,0.8483684766135416,0.8888185261558068,0.5594441312263744,0.8888185261558068,0.8888185261558068,0.9434758626275461,0.9013477015772378
LDA,0.9874085889149671,0.9874085889149671,0.9725653613898734,0.9876524560297925,0.9874085889149671,0.9919363853594251,0.9874085889149671,0.9874085889149671,0.9552355564734267,0.9884834229318297
QDA,0.8888185261558068,0.8888185261558068,0.5763495856185745,0.8483684766135416,0.8888185261558068,0.5594441312263744,0.8888185261558068,0.8888185261558068,0.9434758626275461,0.9013477015772378
LR,0.991035348038265,0.991035348038265,0.9797463566460499,0.9910513671587442,0.991035348038265,0.9814695409038681,0.991035348038265,0.991035348038265,0.9780403962312599,0.991072280214376
ABoost,0.9909627864697742,0.9909627864697742,0.9795115195002924,0.9909633118805378,0.9909627864697742,0.9795672848354264,0.9909627864697742,0.9909627864697742,0.9794557723572719,0.9909638424553695
KNN,0.9924826215043464,0.9924826215043464,0.9829211069786434,0.9924751022974527,0.9924826215043464,0.9819577294761056,0.9924826215043464,0.9924826215043464,0.9838898960794173,0.9924691174281659
MLP,0.9924958145167994,0.9924958145167994,0.9828509696183805,0.9924661897035956,0.9924958145167994,0.9790802426860579,0.9924958145167994,0.9924958145167994,0.9867057408459083,0.9924603542060955
