name,acc,f1_mi,f1_ma,f1_we,recall_mi,recall_ma,recall_we,precision_mi,precision_ma,precision_we
RF,0.9565514520889157,0.9565514520889157,0.4383597511084513,0.9435144895355523,0.9565514520889157,0.42134829232229654,0.9565514520889157,0.9565514520889157,0.49787980870703513,0.9371965764773339
CART,0.9745757457020464,0.9745757457020464,0.6265510493084827,0.9716017611927216,0.9745757457020464,0.6396834721499725,0.9745757457020464,0.9745757457020464,0.6888835645775402,0.9711800311372042
NB,0.8774844091575338,0.8774844091575338,0.27510451942168845,0.8262009862436313,0.8774844091575338,0.28609251541885483,0.8774844091575338,0.8774844091575338,0.44868694511112767,0.811388565343739
LDA,0.9655358935693299,0.9655358935693299,0.668456277665882,0.9702376141988761,0.9655358935693299,0.8012411289099891,0.9655358935693299,0.9655358935693299,0.628963505225969,0.977980637642138
QDA,0.8789250861173887,0.8789250861173886,0.2826603486444036,0.8254887128970735,0.8789250861173887,0.34575637650085334,0.8789250861173887,0.8789250861173887,0.4083269603561182,0.8007219952149096
LR,0.9782763856950805,0.9782763856950805,0.6773839538505761,0.9769131480038287,0.9782763856950805,0.6820167238728431,0.9782763856950805,0.9782763856950805,0.711613020662736,0.9772285270353758
ABoost,0.9775415349014548,0.9775415349014548,0.6760917189455922,0.9756610699243871,0.9775415349014548,0.6694800833547824,0.9775415349014548,0.9775415349014548,0.7344490639962282,0.9758753856547592
KNN,0.9797381714748601,0.9797381714748601,0.7232795053423298,0.9791862998398992,0.9797381714748601,0.7187243420572585,0.9797381714748601,0.9797381714748601,0.7353189578396908,0.9790195772044152
MLP,0.9815218667584901,0.9815218667584901,0.7071370439252141,0.9794689304733915,0.9815218667584901,0.7098318375081082,0.9815218667584901,0.9815218667584901,0.7882122174777753,0.9806111293980817
