name,acc,f1_mi,f1_ma,f1_we,recall_mi,recall_ma,recall_we,precision_mi,precision_ma,precision_we
RF,0.8738800781554058,0.8738800781554058,0.09395833837516519,0.8151248593670588,0.8738800781554058,0.1003457866646621,0.8738800781554058,0.8738800781554058,0.18738724237430585,0.7811573329795741
CART,0.9686824270393429,0.9686824270393429,0.2606077964766678,0.9591333778611053,0.9686824270393429,0.2720219650317652,0.9686824270393429,0.9686824270393429,0.38368499161193637,0.9618304019253953
NB,0.5204498289525935,0.5204498289525935,0.10421438308735169,0.6140967074017841,0.5204498289525935,0.2813605611780866,0.5204498289525935,0.5204498289525935,0.2259730995452954,0.7653309766953363
LDA,0.9580620520147709,0.9580620520147709,0.3679379906976775,0.965495662288941,0.9580620520147709,0.4921145651531706,0.9580620520147709,0.9580620520147709,0.40092026365127775,0.9766108118555806
QDA,0.8716069221097738,0.8716069221097738,0.12702054017723413,0.8244244990020374,0.8716069221097738,0.2763528899068431,0.8716069221097738,0.8716069221097738,0.2784559006790215,0.8018580019224405
LR,0.9755625830335222,0.9755625830335222,0.37702768063274894,0.972227660450949,0.9755625830335222,0.3871143506512424,0.9755625830335222,0.9755625830335222,0.46458315039481723,0.9726028582715375
ABoost,0.6349269173075173,0.6349269173075173,0.277455089467915,0.7580111318706414,0.6349269173075173,0.31316147728177784,0.6349269173075173,0.6349269173075173,0.31911346669865737,0.9558498806014907
KNN,0.9767657857692252,0.9767657857692252,0.488698305235434,0.9764235237727874,0.9767657857692252,0.46756651288464024,0.9767657857692252,0.9767657857692252,0.5839275697422605,0.9763810731853928
MLP,0.9791088647808575,0.9791088647808575,0.49612143991817775,0.9771737941385538,0.9791088647808575,0.48606836503422723,0.9791088647808575,0.9791088647808575,0.5933423778293238,0.977300548289389
